index,train,val,test,,,,
0,TCGA-A7-A6VV-01Z-00-DX1.07AE0E16-A883-4C86-BC74-4E13081175F2,TCGA-A2-A0YH-01Z-00-DX1.FBA5E711-8275-45B3-BC20-5A786EE23548,TCGA-BH-A202-01Z-00-DX1.8CECDB74-5E6F-4CE8-B52C-A89E574F38FB,,,,
1,TCGA-A2-A0T1-01Z-00-DX1.CD1E9C46-18A3-466B-AA0B-24F3055FA851,TCGA-BH-A0E1-01Z-00-DX1.257EB36A-1008-4890-927B-204EF05DBE90,TCGA-D8-A1JB-01Z-00-DX1.6CF48257-066C-4B8C-91AA-30A6B4AD4307,,,,
2,TCGA-BH-A0B9-01Z-00-DX1.C23ADB4C-52D4-4DFD-B8E3-156E43F0E645,TCGA-BH-A0W5-01Z-00-DX1.84EA3913-667B-4694-A0F0-E629CAC615C8,TCGA-OL-A5RX-01Z-00-DX1.15A0D4F4-2744-4D44-8883-27FF83D9C824,,,,
3,TCGA-A2-A0ET-01Z-00-DX1.41E86BB9-EA52-4615-94E7-0F09DDB094F4,TCGA-AQ-A0Y5-01Z-00-DX1.f68f5b49-30fa-4fb6-bec6-5da9f6809d02,TCGA-BH-A0EE-01Z-00-DX1.872EA586-25C8-4835-A138-152DFA1EBF30,,,,
4,TCGA-C8-A26Z-01Z-00-DX1.1A15D951-F3BD-4024-91DD-E7633C09A837,TCGA-A8-A08C-01Z-00-DX1.0602211C-1098-4711-AA41-8F56B11DB36F,TCGA-EW-A2FW-01Z-00-DX1.4F948681-81F3-46C5-A4E8-FDE8A4116F7A,,,,
5,TCGA-GM-A2DN-01Z-00-DX1.593003B0-BA87-486B-B472-D6B85867D54D,TCGA-BH-A0BC-01Z-00-DX1.7A91831D-9625-49FC-B783-C633F80F898C,TCGA-BH-A0AZ-01Z-00-DX1.E20051E8-DEEF-48E5-B519-40777DDBC96B,,,,